{"name":"38fd84e7-7382-4809-9c59-0e2725afda0a","id":"/providers/Microsoft.Flow/flows/38fd84e7-7382-4809-9c59-0e2725afda0a","type":"Microsoft.Flow/flows","properties":{"apiId":"/providers/Microsoft.PowerApps/apis/shared_logicflows","displayName":"Send a customized email when a new file is added","definition":{"metadata":{"workflowEntityId":null,"processAdvisorMetadata":null,"flowChargedByPaygo":null,"flowclientsuspensionreason":"None","flowclientsuspensiontime":null,"flowclientsuspensionreasondetails":null,"creator":{"id":"03bc15f9-2278-43af-8c12-e0d1a1a46565","type":"User","tenantId":"fd4ab392-fc44-4e6b-aa0a-a6aa3a68ab5f"},"provisioningMethod":"FromDefinition","failureAlertSubscription":true,"clientLastModifiedTime":"2024-09-02T18:46:32.2158081Z","connectionKeySavedTimeKey":"2024-09-02T18:46:32.2158081Z"},"$schema":"https://schema.management.azure.com/providers/Microsoft.Logic/schemas/2016-06-01/workflowdefinition.json#","contentVersion":"1.0.0.0","parameters":{"$authentication":{"defaultValue":{},"type":"SecureObject"},"$connections":{"defaultValue":{},"type":"Object"}},"triggers":{"When_a_file_is_created_(properties_only)":{"recurrence":{"frequency":"Minute","interval":5},"splitOn":"@triggerOutputs()?['body/value']","metadata":{"operationMetadataId":"faf7153c-4155-4a77-bbf6-0ae1676835cb"},"type":"OpenApiConnection","inputs":{"parameters":{"dataset":"https://komatsuforest.sharepoint.com/sites/UsoDeMemoria/","table":"6e2c1f08-add0-4ecf-b576-8cc3a11eb19e"},"host":{"apiId":"/providers/Microsoft.PowerApps/apis/shared_sharepointonline","connectionName":"shared_sharepointonline","operationId":"GetOnNewFileItems"},"authentication":"@parameters('$authentication')"}}},"actions":{"Get_file_content_using_path":{"runAfter":{},"type":"OpenApiConnection","inputs":{"parameters":{"dataset":"https://komatsuforest.sharepoint.com/sites/UsoDeMemoria/","path":"/Delade dokument/UsoDeMemoria/uso_memoria.txt","inferContentType":true},"host":{"apiId":"/providers/Microsoft.PowerApps/apis/shared_sharepointonline","connectionName":"shared_sharepointonline","operationId":"GetFileContentByPath"},"authentication":"@parameters('$authentication')"}},"Condition":{"actions":{"Send_an_email_(V2)":{"metadata":{"operationMetadataId":"28b17a97-d0c6-435f-9c1d-d6c134a853fb"},"type":"OpenApiConnection","inputs":{"parameters":{"emailMessage/To":"ramon.lara@komatsuforest.com","emailMessage/Subject":"New file added  - @{triggerOutputs()?['body/{FilenameWithExtension}']}","emailMessage/Body":"<p class=\"editor-paragraph\">Oi, tudo bem?</p><p class=\"editor-paragraph\">O consumo de memória esta alto: @{body('Get_file_content_using_path')}</p>","emailMessage/Importance":"High"},"host":{"apiId":"/providers/Microsoft.PowerApps/apis/shared_office365","connectionName":"shared_office365","operationId":"SendEmailV2"},"authentication":"@parameters('$authentication')"}}},"runAfter":{"Get_file_content_using_path":["Succeeded"]},"else":{"actions":{}},"expression":{"and":[{"greater":["@int(body('Get_file_content_using_path'))",60]}]},"type":"If"}},"outputs":{}},"connectionReferences":{"shared_sharepointonline":{"connectionName":"770f36c33f714506a096d7a457acf8e3","source":"Embedded","id":"/providers/Microsoft.PowerApps/apis/shared_sharepointonline","tier":"NotSpecified"},"shared_office365":{"connectionName":"shared-office365-c3845ce8-e7ff-4616-af60-ef78d10d7be9","source":"Embedded","id":"/providers/Microsoft.PowerApps/apis/shared_office365","tier":"NotSpecified"}},"flowFailureAlertSubscribed":false,"isManaged":false}}